LAT,LON,specific_leaf_area,plant_height_veg,ldmc_fresh,photosynth_rate,stomata_conduct,bark_thick,stem_specific_density,leaf_area_conduct,xylem_hydraul_vuln,stem_conduit_dens,plant_rel_growth_rate,leaf_texture,photosynth_co2,stem_conduit_diam,water_potential_50,xylem_embolism,xylem_p50,leaf_dry_mass_plant,plant_height_gen,height_lowest_branch,ldmc_water,stomata_dens,accepted_bin
-71.03,42.21,0.0155,NA,NA,NA,NA,NA,NA,NA,NA,NA,NA,NA,NA,NA,NA,NA,NA,NA,NA,NA,NA,NA,Betula alleghaniensis
-68,19.5,105.39295807,NA,NA,NA,NA,NA,NA,NA,NA,NA,NA,NA,NA,NA,NA,NA,NA,NA,NA,NA,NA,NA,Alnus incana
-67.5,-152.5,131.69565215,3,NA,NA,NA,NA,NA,NA,NA,NA,NA,NA,NA,NA,NA,NA,NA,NA,NA,NA,NA,NA,Alnus incana
-58.25,26.67,108.12686565,9.9,NA,NA,NA,NA,NA,NA,NA,NA,NA,NA,NA,NA,NA,NA,NA,NA,NA,NA,NA,NA,Alnus incana
-45.4,-71.8,NA,NA,0.7420157535,NA,NA,NA,NA,NA,NA,NA,NA,NA,NA,NA,NA,NA,NA,NA,NA,NA,NA,NA,Betulla alleghaniensis
-45.4,-71.8,NA,NA,0.6502577232,NA,NA,NA,NA,NA,NA,NA,NA,NA,NA,NA,NA,NA,NA,NA,NA,NA,NA,NA,Cornus stolonifera
-45.4,-71.8,NA,NA,0.6434612316,NA,NA,NA,NA,NA,NA,NA,NA,NA,NA,NA,NA,NA,NA,NA,NA,NA,NA,NA,Ostrya virginiana
-45.4,-71.8,NA,NA,0.7567550713,NA,NA,NA,NA,NA,NA,NA,NA,NA,NA,NA,NA,NA,NA,NA,NA,NA,NA,NA,Rhamnus frangula
-45.32,-75.59,100.47704236,NA,NA,9.84828,NA,NA,NA,NA,NA,NA,NA,NA,NA,NA,NA,NA,NA,NA,NA,NA,NA,NA,Alnus incana
-45.1,-71.8,NA,NA,0.64329118,NA,NA,NA,NA,NA,NA,NA,NA,NA,NA,NA,NA,NA,NA,NA,NA,NA,NA,NA,Ostrya virginiana
-44.57,-76.32,113.44011976,NA,NA,NA,NA,NA,NA,NA,NA,NA,NA,NA,NA,NA,NA,NA,NA,NA,NA,NA,NA,NA,Alnus incana
-44.57,-76.32,131.541474655,NA,NA,NA,NA,NA,NA,NA,NA,NA,NA,NA,NA,NA,NA,NA,NA,NA,NA,NA,NA,NA,Betula alleghaniensis
-44.57,-76.32,145,NA,NA,NA,NA,NA,NA,NA,NA,NA,NA,NA,NA,NA,NA,NA,NA,NA,NA,NA,NA,NA,Cornus alternifolia
-44.57,-76.32,105.47122302,NA,NA,NA,NA,NA,NA,NA,NA,NA,NA,NA,NA,NA,NA,NA,NA,NA,NA,NA,NA,NA,Fraxinus nigra
-44.57,-76.32,153.51851852,NA,NA,NA,NA,NA,NA,NA,NA,NA,NA,NA,NA,NA,NA,NA,NA,NA,NA,NA,NA,NA,Ostrya virginiana
-42.5,-90,101.66666674999999,NA,NA,6.7,445,NA,NA,NA,NA,NA,NA,NA,NA,NA,NA,NA,NA,NA,NA,NA,NA,NA,Larix laricina
-39.3,-119.63,100.21179295,NA,NA,16.6,243,NA,NA,NA,NA,NA,NA,NA,NA,NA,NA,NA,NA,NA,NA,NA,NA,NA,Amelanchier alnifolia
-37.4,-122.25,105.833575415,7,NA,9.477189415,142.26100345,NA,NA,NA,NA,NA,NA,NA,NA,NA,NA,NA,NA,NA,NA,NA,NA,NA,Arbutus menziesii
-36.5,-122,106.58806245,NA,NA,NA,NA,NA,NA,NA,NA,NA,NA,NA,NA,NA,NA,NA,NA,NA,NA,NA,NA,NA,Arbutus menziesii
0,-73.488744,0.0033,NA,0.35075,NA,NA,NA,NA,NA,NA,NA,NA,NA,NA,NA,NA,NA,NA,NA,NA,NA,NA,NA,Betula alleghaniensis
0,-73.488744,NA,NA,0.45,NA,NA,NA,NA,NA,NA,NA,NA,NA,NA,NA,NA,NA,NA,NA,NA,NA,NA,NA,Ostrya virginiana
0,0,100.859649125,NA,NA,NA,NA,NA,NA,NA,NA,NA,NA,NA,NA,NA,NA,NA,NA,NA,NA,NA,NA,NA,Fraxinus pennsylvanica
29.6,-82.2,169.07046689999999,NA,NA,NA,NA,NA,NA,NA,NA,NA,NA,NA,NA,NA,NA,NA,NA,NA,NA,NA,NA,NA,Ostrya virginiana
29.71,-82.45,NA,6,NA,NA,NA,NA,NA,NA,NA,NA,NA,NA,NA,NA,NA,NA,NA,NA,NA,NA,NA,NA,Tilia americana
29.71599,-82.461037,277.89274558,NA,NA,NA,NA,NA,NA,NA,NA,NA,NA,NA,NA,NA,NA,NA,NA,NA,NA,NA,NA,NA,Ostrya virginiana
29.71599134,-82.46103659,NA,7.823529411764706,NA,NA,NA,NA,NA,NA,NA,NA,NA,NA,NA,NA,NA,NA,NA,NA,NA,NA,NA,NA,Ostrya virginiana
29.71599134,-82.46103658,NA,8,NA,NA,NA,NA,NA,NA,NA,NA,NA,NA,NA,NA,NA,NA,NA,NA,NA,NA,NA,NA,Ostrya virginiana
31.9,-82.1,239.8081535,NA,NA,NA,NA,NA,NA,NA,NA,NA,NA,NA,NA,NA,NA,NA,NA,NA,NA,NA,NA,NA,Fraxinus pennsylvanica
31.9,-82.1,176.366843,NA,NA,NA,NA,NA,NA,NA,NA,NA,NA,NA,NA,NA,NA,NA,NA,NA,NA,NA,NA,NA,Ostrya virginiana
32.954928,-87.430027,48.94,NA,NA,NA,NA,NA,NA,NA,NA,NA,NA,NA,NA,NA,NA,NA,NA,NA,NA,NA,NA,NA,Ostrya virginiana
32.95544507,-87.42927138,81.70666666666666,NA,NA,NA,NA,NA,NA,NA,NA,NA,NA,NA,NA,NA,NA,NA,NA,NA,NA,NA,NA,NA,Fraxinus pennsylvanica
35,-120,NA,80,NA,NA,NA,NA,NA,NA,NA,NA,NA,NA,NA,NA,NA,NA,NA,NA,NA,NA,NA,NA,Morella californica
35.0213,-83.43779,43.86,NA,NA,NA,NA,NA,NA,NA,NA,NA,NA,NA,NA,NA,NA,NA,NA,NA,NA,NA,NA,NA,Betula alleghaniensis
35.057698,-83.464793,24.85,NA,NA,NA,NA,NA,NA,NA,NA,NA,NA,NA,NA,NA,NA,NA,NA,NA,NA,NA,NA,NA,Ostrya virginiana
35.058122,-83.465172,30.009999999999998,NA,NA,NA,NA,NA,NA,NA,NA,NA,NA,NA,NA,NA,NA,NA,NA,NA,NA,NA,NA,NA,Cornus alternifolia
35.060872,-83.459797,32.242,NA,NA,NA,NA,NA,NA,NA,NA,NA,NA,NA,NA,NA,NA,NA,NA,NA,NA,NA,NA,NA,Acer spicatum
35.08562197,-111.5284842,39.59833333333333,NA,268.7,NA,NA,NA,NA,NA,NA,NA,NA,NA,NA,NA,NA,NA,NA,NA,NA,NA,NA,NA,Juniperus scopulorum
35.0999465,-111.5594625,38.98285714285714,NA,269.29785714285714,NA,NA,NA,NA,NA,NA,NA,NA,NA,NA,NA,NA,NA,NA,NA,NA,NA,NA,NA,Juniperus scopulorum
35.10919188,-111.6757087,42.5,NA,258.44,NA,NA,NA,NA,NA,NA,NA,NA,NA,NA,NA,NA,NA,NA,NA,NA,NA,NA,NA,Juniperus scopulorum
35.11666002,-111.582565,NA,NA,0.4975769230769231,NA,NA,6.432608695652174,0.8495199999999999,NA,NA,NA,NA,NA,NA,NA,NA,NA,NA,NA,NA,NA,NA,NA,Juniperus scopulorum
35.11666002,-111.528265,39.254666666666665,NA,252.155,NA,NA,NA,NA,NA,NA,NA,NA,NA,NA,NA,NA,NA,NA,NA,NA,NA,NA,NA,Juniperus scopulorum
35.16667,-111.516667,17.88,NA,NA,NA,NA,NA,0.58,1.8e-4,NA,NA,NA,NA,NA,NA,NA,NA,NA,NA,NA,NA,NA,NA,Juniperus scopulorum
35.18259349,-111.18504017,37.986666666666665,NA,294.575,NA,NA,NA,NA,NA,NA,NA,NA,NA,NA,NA,NA,NA,NA,NA,NA,NA,NA,NA,Juniperus scopulorum
35.2,-111.62,NA,1030,NA,NA,NA,NA,NA,NA,NA,NA,NA,NA,NA,NA,NA,NA,NA,NA,NA,NA,NA,NA,Juniperus scopulorum
35.2,-111.5,NA,NA,NA,NA,NA,NA,NA,1.522e-4,-6.52,NA,NA,NA,NA,NA,NA,NA,NA,NA,NA,NA,NA,NA,Juniperus scopulorum
35.25562797,-111.623518,42.0916,NA,287.501,NA,NA,NA,NA,NA,NA,NA,NA,NA,NA,NA,NA,NA,NA,NA,NA,NA,NA,NA,Juniperus scopulorum
35.26027102,-111.6253904,38.644333333333336,NA,284.825,NA,NA,NA,NA,NA,NA,NA,NA,NA,NA,NA,NA,NA,NA,NA,NA,NA,NA,NA,Juniperus scopulorum
35.29233624,-111.688236,53.459,NA,239.855,NA,NA,NA,NA,NA,NA,NA,NA,NA,NA,NA,NA,NA,NA,NA,NA,NA,NA,NA,Juniperus scopulorum
36,-122,69.7,NA,NA,NA,NA,NA,NA,NA,NA,NA,NA,NA,NA,NA,NA,NA,NA,NA,NA,NA,NA,NA,Arbutus menziesii
36,-121,69.7,NA,NA,NA,NA,NA,NA,NA,NA,NA,NA,NA,NA,NA,NA,NA,NA,NA,NA,NA,NA,NA,Arbutus menziesii
36,-78.9,421.9409283,NA,NA,NA,NA,NA,NA,NA,NA,NA,NA,NA,NA,NA,NA,NA,NA,NA,NA,NA,NA,NA,Ostrya virginiana
36.5,-121,69.6961249,NA,NA,NA,NA,NA,NA,NA,NA,NA,NA,NA,NA,NA,NA,NA,NA,NA,NA,NA,NA,NA,Arbutus menziesii
37,-6,141.08333333333334,NA,NA,NA,NA,NA,NA,NA,NA,NA,NA,NA,NA,NA,NA,NA,NA,NA,NA,NA,NA,NA,Frangula alnus
37.37564,-80.53396,31.06,NA,NA,NA,NA,NA,NA,NA,NA,NA,NA,NA,NA,NA,NA,NA,NA,NA,NA,NA,NA,NA,Cornus alternifolia
37.37808,-80.5178,66.72,NA,NA,NA,NA,NA,NA,NA,NA,NA,NA,NA,NA,NA,NA,NA,NA,NA,NA,NA,NA,NA,Betula alleghaniensis
37.38333,-5.98333,14.11,NA,NA,NA,NA,NA,NA,NA,NA,NA,NA,NA,NA,NA,NA,NA,NA,NA,NA,NA,NA,NA,Frangula alnus
37.4,-122.25,68.014614752,NA,NA,9.4771894,142.26100350000002,NA,NA,NA,NA,NA,NA,NA,NA,NA,NA,NA,NA,NA,NA,NA,NA,NA,Arbutus menziesii
37.4,-122.22,166.33333333333334,NA,NA,NA,NA,NA,NA,NA,NA,NA,NA,NA,NA,NA,NA,NA,NA,NA,NA,NA,NA,NA,Arbutus menziesii
37.4,-122.2166667,66.21349502,12,NA,NA,NA,NA,NA,NA,NA,NA,NA,NA,NA,NA,NA,NA,NA,NA,NA,NA,NA,NA,Arbutus menziesii
37.4,-122.2166667,47.39,NA,NA,NA,NA,NA,NA,NA,NA,NA,NA,NA,NA,NA,NA,NA,NA,NA,NA,NA,NA,NA,Arbutus menziesii Pursh
37.405,-122.24,NA,NA,0.4455,NA,NA,NA,NA,NA,NA,NA,NA,NA,NA,NA,NA,NA,NA,NA,NA,NA,NA,NA,Arbutus menziesii
37.40806,-122.22583,83.45,21.9,NA,NA,NA,NA,0.57,NA,NA,515.4,NA,NA,NA,NA,NA,NA,NA,NA,NA,NA,NA,NA,Arbutus menziesii
37.40806,-122.22583,250.42,8,NA,NA,NA,NA,0.48,NA,NA,429.06,NA,NA,NA,NA,NA,NA,NA,NA,NA,NA,NA,NA,Cornus sericea
37.40806,-122.22583,NA,NA,NA,NA,NA,NA,NA,NA,NA,NA,0.1164,NA,NA,NA,NA,NA,NA,NA,NA,NA,NA,NA,Frangula alnus
37.40806,-122.22583,NA,21.4,NA,NA,NA,NA,0.43,NA,NA,408.92,NA,NA,NA,NA,NA,NA,NA,NA,NA,NA,NA,NA,Salix lucida ssp. Lasiandra
37.45,-122.27,87.33624454,NA,NA,NA,NA,NA,NA,NA,NA,NA,NA,NA,NA,NA,NA,NA,NA,NA,NA,NA,NA,NA,Morella californica
38.51667,-90.55,344.8830582,NA,169.451910725,NA,NA,NA,NA,NA,NA,NA,NA,NA,NA,NA,NA,NA,NA,NA,NA,NA,NA,NA,Ostrya virginiana
38.52,-90.56,NA,NA,NA,NA,NA,NA,NA,NA,NA,NA,NA,0.10729166666666667,NA,NA,NA,NA,NA,NA,NA,NA,NA,NA,Ostrya virginiana
39.3,-119.63,93.85,NA,NA,16.6,NA,NA,NA,NA,NA,NA,NA,NA,243,NA,NA,NA,NA,NA,NA,NA,NA,NA,Amelanchier alnifolia
40.05,-111.7833,NA,NA,NA,NA,NA,NA,0.5274,NA,NA,5407.592933,NA,NA,NA,9.81,NA,NA,NA,NA,NA,NA,NA,NA,Juniperus scopulorum
40.25,-111.6167,NA,NA,NA,NA,NA,NA,NA,NA,-4.37,NA,NA,NA,NA,21.2,-4.37,NA,NA,NA,NA,NA,NA,NA,Amelanchier alnifolia
40.6,-75.9,282.4858757,NA,NA,NA,NA,NA,NA,NA,NA,NA,NA,NA,NA,NA,NA,NA,NA,NA,NA,NA,NA,NA,Ostrya virginiana
40.7,-111.9,NA,NA,NA,NA,NA,NA,NA,NA,NA,NA,NA,NA,NA,NA,NA,1.791937216,-0.91456395,NA,NA,NA,NA,NA,Acer saccharinum
40.7,-111.6,NA,NA,NA,NA,NA,NA,NA,NA,1.912838688,NA,NA,NA,NA,NA,NA,NA,NA,NA,NA,NA,NA,NA,Juniperus scopulorum
40.7333,-110.98333,NA,13,NA,NA,NA,NA,NA,NA,-5.2,NA,NA,NA,NA,NA,NA,NA,NA,NA,NA,NA,NA,NA,Juniperus scopulorum
40.73333,-110.98333,NA,13,NA,NA,NA,NA,NA,NA,-7.3,NA,NA,NA,NA,NA,NA,NA,NA,NA,NA,NA,NA,NA,Juniperus scopulorum
40.75,-111.6,NA,NA,NA,NA,NA,NA,NA,NA,1.1350701312499996,NA,NA,NA,NA,NA,NA,NA,NA,NA,NA,NA,NA,NA,Juniperus scopulorum
40.76667,-111.83333,NA,NA,NA,NA,NA,NA,NA,NA,41.96133594166667,NA,NA,NA,NA,NA,NA,NA,NA,NA,NA,NA,NA,NA,Fraxinus pennsylvanica
40.7667,-111.8333,NA,20.1168,NA,NA,NA,NA,NA,NA,-0.0925219,NA,NA,NA,NA,NA,NA,NA,NA,NA,NA,NA,NA,NA,Fraxinus pennsylvanica
40.8,-111.7667,NA,1900,NA,NA,NA,NA,NA,NA,-1.703,NA,NA,NA,NA,NA,-1.7,NA,NA,NA,NA,NA,NA,NA,Alnus incana
40.8,-111.766667,NA,25,NA,NA,NA,NA,NA,NA,30.35312346,NA,NA,NA,NA,NA,NA,NA,NA,NA,NA,NA,NA,NA,Alnus incana
40.8,-110.8,NA,NA,NA,NA,NA,NA,NA,NA,3.006622584,NA,NA,NA,NA,NA,NA,NA,NA,NA,NA,NA,NA,NA,Alnus incana
40.8,-77.87,NA,NA,NA,NA,176.3827751,NA,NA,NA,NA,NA,NA,NA,NA,NA,NA,NA,NA,NA,NA,NA,NA,NA,Fraxinus pennsylvanica
40.8,-77.85,147.451705935,NA,NA,NA,NA,NA,NA,NA,NA,NA,NA,NA,NA,NA,NA,NA,NA,NA,NA,NA,NA,NA,Acer saccharinum
40.8,-77.85,74.21276596,NA,NA,NA,NA,NA,NA,NA,NA,NA,NA,NA,NA,NA,NA,NA,NA,NA,NA,NA,NA,NA,Cornus alternifolia
40.8,-77.85,148.27023472,NA,NA,NA,NA,NA,NA,NA,NA,NA,NA,NA,NA,NA,NA,NA,NA,NA,NA,NA,NA,NA,Fraxinus nigra
40.8,-77.85,48.05,NA,NA,7.325301205,290.1234568,NA,NA,NA,NA,NA,NA,NA,NA,NA,NA,NA,NA,NA,NA,NA,NA,NA,Populus grandidentata
40.8,-77.85,65.0212766,NA,NA,NA,NA,NA,NA,NA,NA,NA,NA,NA,NA,NA,NA,NA,NA,NA,NA,NA,NA,NA,Prunus pennsylvanica
40.8,-77.85,26.89361702,NA,NA,NA,NA,NA,NA,NA,NA,NA,NA,NA,NA,NA,NA,NA,NA,NA,NA,NA,NA,NA,Tilia americana
40.83333,-111.75,128.781284,NA,NA,NA,NA,NA,NA,NA,NA,NA,NA,NA,NA,NA,NA,NA,NA,NA,NA,NA,NA,NA,Cornus sericea
40.833333333,-111.75,128.781284,NA,NA,NA,NA,NA,NA,NA,NA,NA,NA,NA,NA,NA,NA,NA,NA,NA,NA,NA,NA,NA,Cornus sericea
41.08,-5.88,127,NA,NA,16.4566929,NA,NA,NA,NA,NA,NA,NA,NA,NA,NA,NA,NA,NA,NA,NA,NA,NA,NA,Frangula alnus
41.10023,-5.910835,12.7,NA,NA,NA,NA,NA,NA,NA,NA,NA,NA,NA,NA,NA,NA,NA,NA,NA,NA,NA,NA,NA,Frangula alnus
41.12,-77.6,190.86200786,NA,NA,NA,NA,NA,NA,NA,NA,NA,NA,NA,NA,NA,NA,NA,NA,NA,NA,NA,NA,NA,Fraxinus pennsylvanica
41.12,77.6,196.4636542,NA,NA,NA,NA,NA,NA,NA,NA,NA,NA,NA,NA,NA,NA,NA,NA,NA,NA,NA,NA,NA,Fraxinus pennsylvanica
41.12,77.7,202.8397566,NA,NA,NA,NA,NA,NA,NA,NA,NA,NA,NA,NA,NA,NA,NA,NA,NA,NA,NA,NA,NA,Fraxinus pennsylvanica
41.12,77.8,187.9699248,NA,NA,NA,NA,NA,NA,NA,NA,NA,NA,NA,NA,NA,NA,NA,NA,NA,NA,NA,NA,NA,Fraxinus pennsylvanica
41.12,77.9,165.0165017,NA,NA,NA,NA,NA,NA,NA,NA,NA,NA,NA,NA,NA,NA,NA,NA,NA,NA,NA,NA,NA,Fraxinus pennsylvanica
41.17,-92.87,20.396270396666665,NA,NA,NA,NA,NA,NA,NA,NA,NA,NA,NA,NA,NA,NA,NA,NA,NA,NA,NA,NA,NA,Ostrya virginiana
41.21,-81.251,211.11484645000002,NA,NA,NA,NA,NA,NA,NA,NA,NA,NA,NA,NA,NA,NA,NA,NA,NA,NA,NA,NA,NA,Acer saccharinum
41.21,-81.251,311.57957015,NA,NA,NA,NA,NA,NA,NA,NA,NA,NA,NA,NA,NA,NA,NA,NA,NA,NA,NA,NA,NA,Betula alleghaniensis
41.21,-81.251,259.7578466,NA,NA,NA,NA,NA,NA,NA,NA,NA,NA,NA,NA,NA,NA,NA,NA,NA,NA,NA,NA,NA,Fraxinus nigra
41.21,-81.251,248.015873,NA,NA,NA,NA,NA,NA,NA,NA,NA,NA,NA,NA,NA,NA,NA,NA,NA,NA,NA,NA,NA,Larix laricina
41.21,-81.251,467.2897196,NA,NA,NA,NA,NA,NA,NA,NA,NA,NA,NA,NA,NA,NA,NA,NA,NA,NA,NA,NA,NA,Ostrya virginiana
41.21,-81.125,311.57957015,NA,NA,NA,NA,NA,NA,NA,NA,NA,NA,NA,NA,NA,NA,NA,NA,NA,NA,NA,NA,NA,Betula alleghaniensis
41.4,-72.5,331.1258278,NA,NA,NA,NA,NA,NA,NA,NA,NA,NA,NA,NA,NA,NA,NA,NA,NA,NA,NA,NA,NA,Ostrya virginiana
41.5,-72.5,133.4356429,NA,NA,NA,NA,NA,NA,NA,NA,NA,NA,NA,NA,NA,NA,NA,NA,NA,NA,NA,NA,NA,Alnus rugosa
41.68333,39.6667,100,NA,NA,NA,NA,NA,NA,NA,NA,NA,NA,NA,NA,NA,NA,NA,NA,NA,NA,NA,NA,NA,Fraxinus pennsylvanica
41.7,-86.95,NA,22,NA,NA,NA,NA,NA,NA,NA,NA,NA,NA,NA,NA,NA,NA,NA,NA,NA,NA,NA,NA,Alnus incana
41.7,-86.95,NA,30,NA,NA,NA,NA,NA,NA,NA,NA,NA,NA,NA,NA,NA,NA,NA,NA,NA,NA,NA,NA,Betula lutea
41.7,-86.95,NA,3,NA,NA,NA,NA,NA,NA,NA,NA,NA,NA,NA,NA,NA,NA,NA,NA,NA,NA,NA,NA,Cornus sericea
41.8,-73.8,369.00369,NA,NA,NA,NA,NA,NA,NA,NA,NA,NA,NA,NA,NA,NA,NA,NA,NA,NA,NA,NA,NA,Ostrya virginiana
41.953212,-72.1221796,NA,NA,NA,NA,NA,NA,0.53,NA,NA,716.185,NA,NA,NA,29.825000000000003,NA,NA,NA,NA,NA,NA,NA,NA,Cornus alternifolia
41.953212,-72.121796,NA,NA,NA,NA,NA,NA,0.56,NA,NA,761.595,NA,NA,NA,28.84,NA,NA,NA,NA,NA,NA,NA,NA,Ostrya virginiana
42,-76,350.7541214,NA,NA,NA,NA,NA,NA,NA,NA,NA,NA,NA,NA,NA,NA,NA,NA,NA,NA,NA,NA,NA,Acer spicatum
42.2986111,-71.105,205.9633333333333,NA,NA,NA,NA,NA,NA,NA,NA,NA,NA,NA,NA,NA,NA,NA,NA,NA,NA,NA,NA,NA,Betula alleghaniensis
42.366667,71.116667,264.13,0.20650000000000002,NA,NA,NA,NA,NA,NA,NA,NA,NA,NA,NA,NA,NA,NA,NA,NA,NA,NA,NA,NA,Betula alleghaniensis
42.36667,-71.11667,264.13,NA,NA,NA,NA,NA,NA,NA,NA,NA,NA,NA,NA,NA,NA,NA,NA,NA,NA,NA,NA,NA,Betula alleghaniensis
42.47862,-72.21658,31.43,NA,NA,NA,NA,NA,NA,NA,NA,NA,NA,NA,NA,NA,NA,NA,NA,NA,NA,NA,NA,NA,Frangula alnus
42.494226,-72.196339,27.18,NA,NA,NA,NA,NA,NA,NA,NA,NA,NA,NA,NA,NA,NA,NA,NA,NA,NA,NA,NA,NA,Ostrya virginiana
42.494601,-72.196881,27.16,NA,NA,NA,NA,NA,NA,NA,NA,NA,NA,NA,NA,NA,NA,NA,NA,NA,NA,NA,NA,NA,Ostrya virginiana
42.5,-90,83.333333,NA,NA,6.7,445,NA,NA,NA,NA,NA,NA,NA,NA,NA,NA,NA,NA,NA,NA,NA,NA,NA,Larix laricina
42.5,-72.5,225.7336343,NA,NA,NA,NA,NA,NA,NA,NA,NA,NA,NA,NA,NA,NA,NA,NA,NA,NA,NA,NA,NA,Betula alleghaniensis
42.5,-72.2,236.4066194,NA,NA,NA,NA,NA,NA,NA,NA,NA,NA,NA,NA,NA,NA,NA,NA,NA,NA,NA,NA,NA,Betula alleghaniensis
42.507818,-72.202242,27.58,NA,NA,NA,NA,NA,NA,NA,NA,NA,NA,NA,NA,NA,NA,NA,NA,NA,NA,NA,NA,NA,Ostrya virginiana
42.51198,-72.2124,88.36,NA,NA,NA,NA,NA,NA,NA,NA,NA,NA,NA,NA,NA,NA,NA,NA,NA,NA,NA,NA,NA,Alnus incana
42.527403,-72.181677,28.616666666666667,NA,NA,NA,NA,NA,NA,NA,NA,NA,NA,NA,NA,NA,NA,NA,NA,NA,NA,NA,NA,NA,Cornus alternifolia
42.528574,-72.181231,70.03,NA,NA,NA,NA,NA,NA,NA,NA,NA,NA,NA,NA,NA,NA,NA,NA,NA,NA,NA,NA,NA,Betula alleghaniensis
42.53311,-72.18916,34.49,NA,NA,NA,NA,NA,NA,NA,NA,NA,NA,NA,NA,NA,NA,NA,NA,NA,NA,NA,NA,NA,Cornus alternifolia
42.54,-72.17,NA,NA,NA,4.938585209003215,4.7432797427652735,NA,NA,NA,NA,NA,NA,NA,NA,NA,NA,NA,NA,NA,NA,NA,NA,NA,Betula alleghaniensis
42.5404,-72.1793,26.02,NA,NA,NA,NA,NA,NA,NA,NA,NA,NA,NA,NA,NA,NA,NA,NA,NA,NA,NA,NA,NA,Betula alleghaniensis
42.67277778,-84.47361111,NA,35,NA,NA,NA,NA,NA,NA,NA,NA,NA,NA,NA,NA,NA,NA,NA,NA,NA,NA,NA,NA,Acer saccharinum
42.7,-74.5,265.2519894,NA,NA,NA,NA,NA,NA,NA,NA,NA,NA,NA,NA,NA,NA,NA,NA,NA,NA,NA,NA,NA,Betula alleghaniensis
42.7,-74.5,312.5,NA,NA,NA,NA,NA,NA,NA,NA,NA,NA,NA,NA,NA,NA,NA,NA,NA,NA,NA,NA,NA,Fraxinus pennsylvanica
42.7,-74.5,308.6419753,NA,NA,NA,NA,NA,NA,NA,NA,NA,NA,NA,NA,NA,NA,NA,NA,NA,NA,NA,NA,NA,Ostrya virginiana
42.8,-124.5,70.07708479,NA,NA,NA,NA,NA,NA,NA,NA,NA,NA,NA,NA,NA,NA,NA,NA,NA,NA,NA,NA,NA,Morella californica
42.9,-124.1,305.8103976,NA,NA,NA,NA,NA,NA,NA,NA,NA,NA,NA,NA,NA,NA,NA,NA,NA,NA,NA,NA,NA,Acer ciricinatum
43.03,-89.47,8.33,NA,NA,6.28,445,NA,NA,NA,NA,NA,NA,NA,NA,NA,NA,NA,NA,NA,NA,NA,NA,NA,Larix laricina
43.0333,-89.46667,83.333333,NA,NA,NA,NA,NA,NA,NA,NA,NA,NA,NA,NA,NA,NA,NA,NA,NA,NA,NA,NA,NA,Larix laricina
43.06,-89.03,328.09000000000003,NA,NA,NA,NA,NA,NA,NA,NA,NA,NA,NA,NA,NA,NA,NA,NA,NA,NA,NA,NA,NA,Betula alleghaniensis
43.06,-89.03,287.03,NA,NA,NA,NA,NA,NA,NA,NA,NA,NA,NA,NA,NA,NA,NA,NA,NA,NA,NA,NA,NA,Ostrya virginiana
43.06,89.03,328.09000000000003,0.8454999999999999,NA,NA,NA,NA,NA,NA,NA,NA,NA,NA,NA,NA,NA,NA,NA,NA,NA,NA,NA,NA,Betula alleghaniensis
43.06,89.03,NA,0.348,NA,NA,NA,NA,NA,NA,NA,NA,NA,NA,NA,NA,NA,NA,NA,NA,NA,NA,NA,NA,Ostrya virginiana
43.1,-124.4,115.8748552,NA,NA,NA,NA,NA,NA,NA,NA,NA,NA,NA,NA,NA,NA,NA,NA,NA,NA,NA,NA,NA,Morella californica
43.44,41.69,25.717247353,NA,0.2911411325,NA,NA,NA,NA,NA,NA,NA,NA,NA,NA,NA,NA,NA,NA,NA,NA,NA,NA,NA,Alnus incana
43.5,-80.21,NA,NA,NA,NA,0.2194,NA,NA,NA,NA,NA,NA,NA,NA,NA,NA,NA,NA,NA,NA,NA,NA,NA,Fraxinus nigra
43.5,-80.21,NA,NA,NA,NA,0.032898158,NA,NA,NA,NA,NA,NA,NA,NA,NA,NA,NA,NA,NA,NA,NA,NA,NA,Larix laricina
43.55,-89.45,131.932423225,NA,NA,NA,NA,NA,NA,NA,NA,NA,NA,NA,NA,NA,NA,NA,NA,NA,NA,NA,NA,NA,Acer saccharinum
43.55,-89.45,180.014785075,NA,NA,NA,NA,NA,NA,NA,NA,NA,NA,NA,NA,NA,NA,NA,NA,NA,NA,NA,NA,NA,Betula alleghaniensis
43.55,-89.45,150.9789233,NA,NA,NA,NA,NA,NA,NA,NA,NA,NA,NA,NA,NA,NA,NA,NA,NA,NA,NA,NA,NA,Fraxinus nigra
43.55,-89.45,244.3448598,NA,NA,NA,NA,NA,NA,NA,NA,NA,NA,NA,NA,NA,NA,NA,NA,NA,NA,NA,NA,NA,Ostrya virginiana
43.55,-89.45,47.55,NA,NA,NA,NA,NA,NA,NA,NA,NA,NA,NA,NA,NA,NA,NA,NA,NA,NA,NA,NA,NA,Populus grandidentata
43.55,-89.45,33.05,NA,NA,NA,NA,NA,NA,NA,NA,NA,NA,NA,NA,NA,NA,NA,NA,NA,NA,NA,NA,NA,Tilia americana
43.66146,-79.4006,35.35982742,0.03001123595505618,NA,NA,NA,NA,NA,NA,NA,NA,NA,NA,NA,NA,NA,NA,NA,7.835777777777778e-5,NA,NA,NA,NA,Betula alleghaniensis
43.82047222,-79.15950556,NA,NA,412.70187183,NA,NA,NA,NA,NA,NA,NA,NA,NA,NA,NA,NA,NA,NA,NA,NA,NA,NA,NA,Cornus sericea
43.9,-71.8,223.2142857,NA,NA,NA,NA,NA,NA,NA,NA,NA,NA,NA,NA,NA,NA,NA,NA,NA,NA,NA,NA,NA,Betula alleghaniensis
43.99598,-71.35033,87.74,NA,NA,NA,NA,NA,NA,NA,NA,NA,NA,NA,NA,NA,NA,NA,NA,NA,NA,NA,NA,NA,Larix laricina
44,-122,617,9.5088,NA,NA,NA,NA,NA,NA,NA,NA,NA,NA,NA,NA,NA,NA,NA,NA,NA,NA,NA,NA,Acer ciricinatum
44,-71,NA,12.41030303030303,NA,NA,NA,NA,NA,NA,NA,NA,NA,NA,NA,NA,NA,NA,NA,6.317287186212121,NA,NA,NA,NA,Betula alleghaniensis
44.00242,-71.27781,48.22,NA,NA,NA,NA,NA,NA,NA,NA,NA,NA,NA,NA,NA,NA,NA,NA,NA,NA,NA,NA,NA,Alnus incana
44.00242,-71.27781,59.37,NA,NA,NA,NA,NA,NA,NA,NA,NA,NA,NA,NA,NA,NA,NA,NA,NA,NA,NA,NA,NA,Cornus sericea
44.02362,-71.49194,47.87,NA,NA,NA,NA,NA,NA,NA,NA,NA,NA,NA,NA,NA,NA,NA,NA,NA,NA,NA,NA,NA,Cornus alternifolia
44.027092,-71.322516,27.78,NA,NA,NA,NA,NA,NA,NA,NA,NA,NA,NA,NA,NA,NA,NA,NA,NA,NA,NA,NA,NA,Ostrya virginiana
44.027449,-71.32003,24.75,NA,NA,NA,NA,NA,NA,NA,NA,NA,NA,NA,NA,NA,NA,NA,NA,NA,NA,NA,NA,NA,Ostrya virginiana
44.027549,-71.3225,61.9,NA,NA,NA,NA,NA,NA,NA,NA,NA,NA,NA,NA,NA,NA,NA,NA,NA,NA,NA,NA,NA,Betula alleghaniensis
44.027659,-71.322505,58.96,NA,NA,NA,NA,NA,NA,NA,NA,NA,NA,NA,NA,NA,NA,NA,NA,NA,NA,NA,NA,NA,Ostrya virginiana
44.036181,-71.276724,30.17,NA,NA,NA,NA,NA,NA,NA,NA,NA,NA,NA,NA,NA,NA,NA,NA,NA,NA,NA,NA,NA,Cornus alternifolia
44.117631,-71.2499704,53.88,NA,NA,NA,NA,NA,NA,NA,NA,NA,NA,NA,NA,NA,NA,NA,NA,NA,NA,NA,NA,NA,Ostrya virginiana
44.119821,-71.251952,40.92,NA,NA,NA,NA,NA,NA,NA,NA,NA,NA,NA,NA,NA,NA,NA,NA,NA,NA,NA,NA,NA,Ostrya virginiana
44.119978,-71.252114,27.57,NA,NA,NA,NA,NA,NA,NA,NA,NA,NA,NA,NA,NA,NA,NA,NA,NA,NA,NA,NA,NA,Ostrya virginiana
44.270308,-71.270308,28.395,NA,NA,NA,NA,NA,NA,NA,NA,NA,NA,NA,NA,NA,NA,NA,NA,NA,NA,NA,NA,NA,Cornus alternifolia
44.448472,-71.107374,0.0024,119,0.238,NA,NA,NA,NA,NA,NA,NA,NA,NA,NA,NA,NA,NA,NA,NA,NA,NA,NA,NA,Cornus alternifolia
44.5,-73.2,NA,NA,NA,NA,NA,NA,NA,NA,NA,NA,NA,NA,NA,NA,NA,1.703982393,-1.674324512,NA,NA,NA,NA,NA,Acer saccharinum
44.566667,-76.3166667,167,NA,NA,NA,NA,NA,NA,NA,NA,NA,NA,NA,NA,NA,NA,NA,NA,NA,NA,NA,NA,NA,Alnus rugosa
44.56667,-76.31667,114,NA,NA,NA,NA,NA,NA,NA,NA,NA,NA,NA,NA,NA,NA,NA,NA,NA,NA,NA,NA,NA,Fraxinus pennsylvanica
44.56667,-76.31667,270,NA,NA,NA,NA,NA,NA,NA,NA,NA,NA,NA,NA,NA,NA,NA,NA,NA,NA,NA,NA,NA,Ostrya virginiana
44.56667,-76.316667,217,NA,NA,NA,NA,NA,NA,NA,NA,NA,NA,NA,NA,NA,NA,NA,NA,NA,NA,NA,NA,NA,Betula alleghaniensis
44.5667,-76.31667,139,NA,NA,NA,NA,NA,NA,NA,NA,NA,NA,NA,NA,NA,NA,NA,NA,NA,NA,NA,NA,NA,Fraxinus nigra
44.567,-76.3,NA,NA,NA,NA,NA,NA,NA,NA,NA,NA,NA,0.260785144,NA,NA,NA,NA,NA,NA,NA,NA,NA,NA,Alnus incana
44.567,-76.3,NA,NA,NA,NA,NA,NA,NA,NA,NA,NA,NA,0.278877893,NA,NA,NA,NA,NA,NA,NA,NA,NA,NA,Betula alleghaniensis
44.567,-76.3,NA,NA,NA,NA,NA,NA,NA,NA,NA,NA,NA,0.330036701,NA,NA,NA,NA,NA,NA,NA,NA,NA,NA,Cornus alternifolia
44.567,-76.3,NA,NA,NA,NA,NA,NA,NA,NA,NA,NA,NA,0.311320064,NA,NA,NA,NA,NA,NA,NA,NA,NA,NA,Fraxinus nigra
44.567,-76.3,NA,NA,NA,NA,NA,NA,NA,NA,NA,NA,NA,0.204635232,NA,NA,NA,NA,NA,NA,NA,NA,NA,NA,Ostrya virginiana
44.567,4.1333,NA,NA,NA,NA,NA,NA,NA,NA,NA,NA,NA,0.481641462,NA,NA,NA,NA,NA,NA,NA,NA,NA,NA,Fraxinus pennsylvanica
44.57,-90.64,NA,15.4,0.27442,NA,NA,NA,NA,NA,NA,NA,NA,NA,NA,NA,NA,NA,NA,NA,NA,NA,NA,NA,Acer saccharinum
44.6,-76.3,138.8888889,NA,NA,NA,NA,NA,NA,NA,NA,NA,NA,NA,NA,NA,NA,NA,NA,NA,NA,NA,NA,NA,Alnus rugosa
44.6,-76.3,142.8571429,NA,NA,NA,NA,NA,NA,NA,NA,NA,NA,NA,NA,NA,NA,NA,NA,NA,NA,NA,NA,NA,Betula alleghaniensis
44.6,-76.3,250,NA,NA,NA,NA,NA,NA,NA,NA,NA,NA,NA,NA,NA,NA,NA,NA,NA,NA,NA,NA,NA,Cornus alternifolia
44.6,-76.3,156.25,NA,NA,NA,NA,NA,NA,NA,NA,NA,NA,NA,NA,NA,NA,NA,NA,NA,NA,NA,NA,NA,Fraxinus nigra
44.6,-76.3,99.00990099,NA,NA,NA,NA,NA,NA,NA,NA,NA,NA,NA,NA,NA,NA,NA,NA,NA,NA,NA,NA,NA,Fraxinus pennsylvanica
44.6,-76.3,158.7301587,NA,NA,NA,NA,NA,NA,NA,NA,NA,NA,NA,NA,NA,NA,NA,NA,NA,NA,NA,NA,NA,Ostrya virginiana
44.74,-91.83,NA,14.4,0.29461,NA,NA,NA,NA,NA,NA,NA,NA,NA,NA,NA,NA,NA,NA,NA,NA,NA,NA,NA,Acer saccharinum
44.81,-91.27,NA,NA,0.24985,NA,NA,NA,NA,NA,NA,NA,NA,NA,NA,NA,NA,NA,NA,NA,NA,NA,NA,NA,Fraxinus pennsylvanica
45,-124,193.4235977,NA,NA,NA,NA,NA,NA,NA,NA,NA,NA,NA,NA,NA,NA,NA,NA,NA,NA,NA,NA,NA,Acer ciricinatum
45.1,-122.1,366.3003663,NA,NA,NA,NA,NA,NA,NA,NA,NA,NA,NA,NA,NA,NA,NA,NA,NA,NA,NA,NA,NA,Acer ciricinatum
45.16,-90.64,NA,42.5,0.24795,NA,NA,NA,NA,NA,NA,NA,NA,NA,NA,NA,NA,NA,NA,NA,NA,NA,NA,NA,Betula alleghaniensis
45.16,-90.64,NA,43.95918367346939,0.2693425423877551,NA,NA,NA,NA,NA,NA,NA,NA,NA,NA,NA,NA,NA,NA,NA,NA,NA,NA,NA,Fraxinus pennsylvanica
45.16,-90.64,NA,28.166666666666668,0.28995,NA,NA,NA,NA,NA,NA,NA,NA,NA,NA,NA,NA,NA,NA,NA,NA,NA,NA,NA,Ostrya virginiana
45.2,-75.62,NA,NA,NA,4,103,NA,NA,NA,NA,NA,NA,NA,NA,NA,NA,NA,NA,NA,NA,NA,NA,NA,Frangula alnus
45.3,-121.7,227.2727273,NA,NA,NA,NA,NA,NA,NA,NA,NA,NA,NA,NA,NA,NA,NA,NA,NA,NA,NA,NA,NA,Acer ciricinatum
45.32,-75.59,110.25641,NA,NA,NA,NA,NA,NA,NA,NA,NA,NA,NA,NA,NA,NA,NA,NA,NA,NA,NA,NA,NA,Alnus incana
45.32,-75.59,110.2564103,NA,NA,NA,NA,NA,NA,NA,NA,NA,NA,NA,NA,NA,NA,NA,NA,NA,NA,NA,NA,NA,Alnus rugosa
45.339791,-71.742823,0.00425,NA,0.31499999999999995,NA,NA,NA,NA,NA,NA,NA,NA,NA,NA,NA,NA,NA,NA,NA,NA,NA,NA,NA,Betula alleghaniensis
45.345822,-71.753014,0.00395,NA,0.376,NA,NA,NA,NA,NA,NA,NA,NA,NA,NA,NA,NA,NA,NA,NA,NA,NA,NA,NA,Betula alleghaniensis
45.345917,-71.751963,NA,19,0.247,NA,NA,NA,NA,NA,NA,NA,NA,NA,NA,NA,NA,NA,NA,NA,NA,NA,NA,NA,Acer spicatum
45.36913,-71.849623,0.005414285714285714,NA,NA,NA,NA,NA,0.391,NA,NA,NA,NA,NA,NA,NA,NA,NA,NA,NA,NA,NA,NA,NA,Fraxinus nigra
45.377027,-71.922833,0.003333333333333333,NA,0.357,NA,NA,NA,NA,NA,NA,NA,NA,NA,NA,NA,NA,NA,NA,NA,NA,NA,NA,NA,Betula alleghaniensis
45.377027,-71.922833,0.0032,NA,0.42,NA,NA,NA,NA,NA,NA,NA,NA,NA,NA,NA,NA,NA,NA,NA,NA,NA,NA,NA,Ostrya virginiana
45.378244,-71.922411,0.0018666666666666666,NA,0.45975,NA,NA,NA,NA,NA,NA,NA,NA,NA,NA,NA,NA,NA,NA,NA,NA,NA,NA,NA,Ostrya virginiana
45.379716,-71.916956,0.0059,NA,0.395,NA,NA,NA,NA,NA,NA,NA,NA,NA,NA,NA,NA,NA,NA,NA,NA,NA,NA,NA,Betula alleghaniensis
45.380339,-71.921446,0.00285,NA,0.2875,NA,NA,NA,NA,NA,NA,NA,NA,NA,NA,NA,NA,NA,NA,NA,NA,NA,NA,NA,Betula alleghaniensis
45.4,-121.6,161.8122977,NA,NA,NA,NA,NA,NA,NA,NA,NA,NA,NA,NA,NA,NA,NA,NA,NA,NA,NA,NA,NA,Acer ciricinatum
45.41667,-93.16667,515.36276234,NA,NA,NA,NA,NA,NA,NA,NA,NA,NA,NA,NA,NA,NA,NA,NA,NA,NA,NA,NA,NA,Frangula alnus
45.443151,-71.106447,0.0052,NA,0.337,NA,NA,NA,NA,NA,NA,NA,NA,NA,NA,NA,NA,NA,NA,NA,NA,NA,NA,NA,Cornus alternifolia
45.443311,-71.10653,0.0028,209,0.272,NA,NA,NA,NA,NA,NA,NA,NA,NA,NA,NA,NA,NA,NA,NA,221,NA,NA,NA,Acer spicatum
45.443311,-71.10653,0.0029,43,0.291,NA,NA,NA,NA,NA,NA,NA,NA,NA,NA,NA,NA,NA,NA,NA,NA,NA,NA,NA,Cornus alternifolia
45.445498,-71.1061,0.0033,63.666666666666664,0.30333333333333334,NA,NA,NA,NA,NA,NA,NA,NA,NA,NA,NA,NA,NA,NA,NA,NA,NA,NA,NA,Cornus alternifolia
45.447709,-71.107256,0.0016799999999999999,261.6,0.202,NA,NA,NA,NA,NA,NA,NA,NA,NA,NA,NA,NA,NA,NA,NA,NA,NA,NA,NA,Acer spicatum
45.447844,-71.108233,0.00195,383.5,0.2065,NA,NA,NA,NA,NA,NA,NA,NA,NA,NA,NA,NA,NA,NA,NA,NA,NA,NA,NA,Acer spicatum
45.447887,-71.108798,0.0017499999999999998,417.5,0.21450000000000002,NA,NA,NA,NA,NA,NA,NA,NA,NA,NA,NA,NA,NA,NA,NA,NA,NA,NA,NA,Acer spicatum
45.44791,-71.16599,0.0021,NA,0.233,NA,NA,NA,NA,NA,NA,NA,NA,NA,NA,NA,NA,NA,NA,NA,NA,NA,NA,NA,Acer spicatum
45.54928,-73.14807,488.47911933125,NA,199.99613870953124,NA,NA,NA,NA,NA,NA,NA,NA,NA,NA,NA,NA,NA,NA,NA,NA,NA,NA,NA,Ostrya virginiana
45.55,-73.16,NA,NA,NA,NA,NA,NA,NA,NA,NA,NA,NA,0.161520835,NA,NA,NA,NA,NA,NA,NA,NA,NA,NA,Ostrya virginiana
45.55,-73.15,262.1104575,1.37,NA,NA,NA,NA,NA,NA,NA,NA,NA,NA,NA,NA,NA,NA,NA,NA,NA,NA,NA,NA,Acer spicatum
45.55058872985592,-73.17601570975708,NA,2.04590243902439,318.86261811956524,NA,NA,NA,NA,NA,NA,NA,NA,NA,NA,NA,NA,NA,NA,NA,NA,NA,NA,NA,Ostrya virginiana
45.56667,-76.56667,250,NA,NA,NA,NA,NA,NA,NA,NA,NA,NA,NA,NA,NA,NA,NA,NA,NA,NA,NA,NA,NA,Cornus alternifolia
45.650174,-71.933606,0.0024,NA,0.426,NA,NA,NA,NA,NA,NA,NA,NA,NA,NA,NA,NA,NA,NA,NA,NA,NA,NA,NA,Ostrya virginiana
45.7,-121.5,169.7792869,NA,NA,NA,NA,NA,NA,NA,NA,NA,NA,NA,NA,NA,NA,NA,NA,NA,NA,NA,NA,NA,Acer ciricinatum
45.76667,-89.56667,123.9,NA,NA,NA,NA,NA,NA,NA,NA,NA,NA,NA,NA,NA,NA,NA,NA,NA,NA,NA,NA,NA,Larix laricina
45.91275,-73.28688889,NA,62.07446808510638,NA,NA,NA,NA,NA,NA,NA,NA,NA,NA,NA,NA,NA,NA,NA,NA,NA,NA,NA,NA,Cornus sericea
45.997222,-75.325,32.49711284442188,1.3470933852140077,NA,NA,NA,NA,NA,NA,NA,NA,NA,NA,NA,NA,NA,NA,NA,0.009468015552529184,NA,0.23993700787401576,NA,NA,Betula alleghaniensis
46.166667,-123.533333,NA,NA,NA,NA,0.3,NA,NA,1.512e-4,NA,NA,NA,NA,NA,NA,NA,NA,NA,NA,NA,NA,NA,NA,Alnus rugosa
46.25,-90.45,188,NA,NA,NA,NA,NA,NA,NA,NA,NA,NA,NA,NA,NA,NA,NA,NA,NA,NA,NA,NA,NA,Alnus incana
46.25,-90.45,188,NA,NA,NA,NA,NA,NA,NA,NA,NA,NA,NA,NA,NA,NA,NA,NA,NA,NA,NA,NA,NA,Alnus rugosa
46.41666667,-83.36666667,21369.87084,NA,NA,NA,NA,NA,NA,NA,NA,NA,NA,NA,NA,NA,NA,NA,NA,NA,NA,NA,NA,NA,Acer saccharinum
46.91,-71.67,35.54315176266667,1.8025555555555555,NA,NA,NA,NA,886.9565217391304,NA,NA,NA,NA,NA,NA,NA,NA,NA,NA,0.020116521739130436,NA,0.9370454545454545,NA,NA,Betula alleghaniensis
47,8,NA,1000,NA,NA,NA,NA,NA,NA,NA,NA,NA,NA,NA,NA,NA,NA,NA,NA,NA,NA,NA,NA,Alnus incana
47,8,NA,150,NA,NA,NA,NA,NA,NA,NA,NA,NA,NA,NA,NA,NA,NA,NA,NA,NA,NA,NA,NA,Frangula alnus
47.0773,-0.7451,NA,NA,NA,NA,NA,NA,NA,NA,-2.924333333,NA,NA,NA,NA,NA,NA,NA,NA,NA,NA,NA,NA,NA,Frangula alnus
47.6,-124.3,442.4778761,NA,NA,NA,NA,NA,NA,NA,NA,NA,NA,NA,NA,NA,NA,NA,NA,NA,NA,NA,NA,NA,Acer ciricinatum
47.6,-112.75833,NA,NA,NA,NA,NA,NA,0.585782216,NA,NA,NA,NA,NA,NA,13.22280946,NA,NA,NA,NA,NA,NA,NA,NA,Juniperus scopulorum
47.77262,-0.745103,NA,NA,NA,NA,NA,NA,0.421670863,NA,NA,NA,NA,NA,NA,52.32417756,NA,NA,NA,NA,NA,NA,NA,NA,Frangula alnus
48,11,NA,150,NA,NA,NA,NA,NA,NA,NA,NA,NA,NA,NA,NA,NA,NA,NA,NA,NA,NA,NA,NA,Cornus sericea
48.22,-82.16,NA,NA,NA,NA,0.16269230775,NA,0.45,NA,NA,NA,NA,NA,NA,NA,NA,NA,NA,NA,NA,NA,NA,NA,Fraxinus nigra
48.22,-82.16,NA,NA,NA,NA,NA,NA,NA,NA,NA,NA,NA,NA,NA,NA,NA,NA,NA,NA,NA,NA,NA,NA,Larix laricina
48.36667,-122.51667,29.7,12,NA,NA,NA,NA,0.5478525,NA,-1.2065573774999998,NA,NA,NA,NA,NA,NA,NA,NA,NA,NA,NA,NA,NA,Juniperus scopulorum
48.3903333333333,22.6700333333333,NA,2.7666667586666667,NA,NA,NA,NA,0.42340511033333333,NA,NA,NA,NA,NA,NA,NA,NA,NA,NA,NA,NA,NA,NA,NA,Frangula alnus
48.4,-122.5,NA,NA,NA,NA,NA,NA,NA,NA,-2.6865366619999995,NA,NA,NA,NA,NA,NA,NA,NA,NA,NA,NA,NA,NA,Juniperus scopulorum
48.469,-122.622,NA,NA,NA,NA,NA,NA,NA,NA,-7.7,NA,NA,NA,NA,NA,NA,NA,NA,NA,NA,NA,NA,NA,Juniperus scopulorum
48.49,22.85,NA,3.5,NA,NA,NA,NA,0.367500553,NA,NA,NA,NA,NA,NA,NA,NA,NA,NA,NA,NA,NA,NA,NA,Frangula alnus
48.5,-79.45,0.10271695282978723,2.831876425893617,NA,NA,NA,NA,NA,NA,NA,NA,NA,NA,NA,NA,NA,NA,NA,NA,NA,NA,NA,NA,Acer spicatum
48.5,-79.378,NA,NA,NA,NA,NA,NA,0.3750666668,NA,NA,NA,NA,NA,NA,NA,NA,NA,NA,NA,NA,NA,NA,NA,Alnus rugosa
48.55,-123.8,106.2328946,NA,NA,NA,NA,NA,NA,NA,NA,NA,NA,NA,NA,NA,NA,NA,NA,NA,NA,NA,NA,NA,Amelanchier alnifolia
48.55,-123.8,71.34637786,NA,NA,NA,NA,NA,NA,NA,NA,NA,NA,NA,NA,NA,NA,NA,NA,NA,NA,NA,NA,NA,Arbutus menziesii
49,15,26.70570918,4,298.8677151,NA,NA,NA,NA,NA,NA,NA,NA,NA,NA,NA,NA,NA,NA,NA,NA,NA,NA,NA,Frangula alnus
50.73333,-110.7,156.10143513333333,NA,NA,NA,NA,NA,NA,NA,NA,NA,NA,NA,NA,NA,NA,NA,NA,NA,NA,NA,NA,NA,Amelanchier alnifolia
50.733333333,-110.7,145.3905746,2.5,NA,NA,NA,NA,NA,NA,NA,NA,NA,NA,NA,NA,NA,NA,NA,NA,NA,NA,NA,NA,Elaeagnus commutata
51.25,17.07,167,NA,NA,7.2,NA,NA,NA,NA,NA,NA,NA,NA,NA,NA,NA,NA,NA,NA,NA,NA,NA,NA,Alnus incana
51.48,19.52,157.9778831,NA,52.3,NA,NA,NA,NA,NA,NA,NA,NA,NA,NA,NA,NA,NA,NA,NA,NA,NA,NA,NA,Betula alleghaniensis
52.6691,1.526693,NA,NA,321.1865748,NA,NA,NA,NA,NA,NA,NA,NA,NA,NA,NA,NA,NA,NA,NA,NA,NA,NA,NA,Frangula alnus
53.12,50.1,9.659496503666666,NA,NA,NA,NA,NA,NA,NA,NA,NA,NA,NA,NA,NA,NA,NA,NA,NA,NA,NA,NA,NA,Acer saccharinum
53.38,-1.46,333.4,NA,NA,NA,NA,NA,NA,NA,NA,NA,NA,NA,NA,NA,NA,NA,NA,NA,NA,NA,NA,NA,Frangula alnus
53.4,-1.5,207.62629226818183,NA,131.87510212423683,NA,NA,NA,NA,NA,NA,NA,NA,NA,NA,NA,NA,NA,NA,NA,NA,NA,NA,NA,Frangula alnus
53.75,-122.7,NA,NA,NA,NA,NA,NA,NA,3.76324e-4,NA,NA,NA,NA,NA,NA,NA,NA,NA,NA,NA,NA,NA,NA,Amelanchier alnifolia
53.75,-122.7,NA,NA,NA,NA,NA,NA,NA,5.73e-5,NA,NA,NA,NA,NA,NA,NA,NA,NA,NA,NA,NA,NA,NA,Cornus sericea
53.75,-122.7,NA,NA,NA,NA,NA,NA,NA,2.24e-5,NA,NA,NA,NA,NA,NA,NA,NA,NA,NA,NA,NA,NA,NA,Larix laricina
53.87,27.6,234.1920333,NA,NA,NA,NA,NA,NA,NA,NA,NA,NA,NA,NA,NA,NA,NA,NA,NA,NA,NA,NA,NA,Acer ciricinatum
55.86351,-98.48128,NA,69.09375,NA,NA,NA,1.8945135135135136,NA,NA,NA,NA,NA,NA,NA,NA,NA,NA,NA,0.03426,NA,NA,NA,NA,Larix laricina
55.88155,-98.47954,NA,50.88125,NA,NA,NA,NA,NA,NA,NA,NA,NA,NA,NA,NA,NA,NA,NA,NA,NA,NA,NA,NA,Larix laricina
57.25,26.67,383.1417625,NA,NA,NA,NA,NA,NA,NA,NA,NA,NA,NA,NA,NA,NA,NA,NA,NA,NA,NA,NA,NA,Frangula alnus
58,-100,NA,300,NA,NA,NA,NA,NA,NA,NA,NA,NA,NA,NA,NA,NA,NA,NA,NA,NA,NA,NA,NA,Alnus tenuifolia Nutt.
58,-100,NA,150,NA,NA,NA,NA,NA,NA,NA,NA,NA,NA,NA,NA,NA,NA,NA,NA,NA,NA,NA,NA,Amelanchier alnifolia
58,-100,NA,150,NA,NA,NA,NA,NA,NA,NA,NA,NA,NA,NA,NA,NA,NA,NA,NA,NA,NA,NA,NA,Cornus sericea
58.25,26.67,149.2537313,NA,NA,NA,NA,NA,NA,NA,NA,NA,NA,NA,NA,NA,NA,NA,NA,NA,NA,NA,NA,NA,Alnus incana
58.49922,21.92388,NA,NA,267.14999876666667,NA,NA,NA,NA,NA,NA,NA,NA,NA,NA,NA,NA,NA,NA,NA,NA,NA,NA,NA,Frangula alnus
58.66,25.75,149.2537313,9.9,NA,NA,NA,NA,NA,NA,NA,NA,NA,NA,NA,NA,NA,NA,NA,NA,NA,NA,NA,NA,Alnus incana
58.66,25.75,383.1417625,2.27,NA,NA,NA,NA,NA,NA,NA,NA,NA,NA,NA,NA,NA,NA,NA,NA,NA,NA,NA,NA,Frangula alnus
63.420777069,10.458967054,306.4,NA,149.576,NA,NA,NA,NA,NA,NA,NA,NA,NA,NA,NA,NA,NA,NA,NA,NA,NA,NA,NA,Alnus incana
63.92,-145.38,NA,NA,NA,NA,NA,NA,NA,NA,NA,NA,NA,NA,NA,NA,NA,NA,NA,NA,NA,NA,NA,NA,Larix laricina
64.883333,-147.73333,186.5,NA,NA,NA,NA,NA,NA,NA,NA,NA,NA,NA,NA,NA,NA,NA,NA,NA,NA,NA,NA,NA,Alnus incana
64.883333,-147.73333,186.5,NA,NA,NA,NA,NA,NA,NA,NA,NA,NA,NA,NA,NA,NA,NA,NA,NA,NA,NA,NA,NA,Alnus tenuifolia
67.5,-152.5,217.3913044,NA,NA,NA,NA,NA,NA,NA,NA,NA,NA,NA,NA,NA,NA,NA,NA,NA,NA,NA,NA,NA,Alnus incana
68.33,18.85,138.674719,2.5,NA,NA,NA,NA,NA,NA,NA,NA,NA,NA,NA,NA,NA,NA,NA,NA,NA,NA,NA,NA,Alnus incana
68.34,18.84,138.674719,NA,NA,NA,NA,NA,NA,NA,NA,NA,NA,NA,NA,NA,NA,NA,NA,NA,NA,NA,NA,NA,Alnus incana
68.35,18.8166667,NA,NA,NA,NA,NA,NA,NA,NA,NA,NA,NA,NA,NA,NA,NA,NA,NA,NA,NA,NA,316.0423453,NA,Alnus incana
68.360830000000007,18.77055,17.430196046666666,NA,0.3486912285,NA,NA,NA,NA,NA,NA,NA,NA,NA,NA,NA,NA,NA,NA,NA,NA,NA,NA,NA,Alnus incana
72.2986111,-71.128333,NA,NA,NA,NA,NA,NA,NA,NA,NA,NA,NA,NA,NA,NA,NA,NA,NA,NA,NA,NA,NA,130,Betula alleghaniensis
335265,5034339,0.0027,84,0.237,NA,NA,NA,NA,NA,NA,NA,NA,NA,NA,NA,NA,NA,NA,NA,NA,NA,NA,NA,Cornus alternifolia
335290,5034581,0.0022,86.5,0.216,NA,NA,NA,NA,NA,NA,NA,NA,NA,NA,NA,NA,NA,NA,NA,NA,NA,NA,NA,Cornus alternifolia
